Subject ;Predicate ;Object 
Coin with the effigy of Cleopatra ;crm:P62_depicts;Cleopatra 
Coin with the effigy of Cleopatra ;crm:P62_depicts;Mark Anthony 
Coin with the effigy of Cleopatra ;crm:P180_was_currency_of;Tetradrachm 
Coin with the effigy of Cleopatra ;P45_consists_of;Silver 
Coin with the effigy of Cleopatra ;bibframe:originDate ;37-33 BC
Coin with the effigy of Cleopatra ;foaf:maker;Roman Republic 
Coin with the effigy of Cleopatra ;crm:P8_took_place_on_or_within;Eastern Mediterrenean 